{
   
      "char":[
         {
            "height":"49",
            "id":"33",
            "width":"22",
            "x":"263",
            "xadvance":"23",
            "xoffset":"0",
            "y":"413",
            "yoffset":"31"
         },
         {
            "height":"26",
            "id":"34",
            "width":"32",
            "x":"128",
            "xadvance":"33",
            "xoffset":"0",
            "y":"330",
            "yoffset":"35"
         },
         {
            "height":"46",
            "id":"35",
            "width":"46",
            "x":"0",
            "xadvance":"47",
            "xoffset":"0",
            "y":"271",
            "yoffset":"33"
         },
         {
            "height":"49",
            "id":"36",
            "width":"29",
            "x":"234",
            "xadvance":"30",
            "xoffset":"0",
            "y":"188",
            "yoffset":"32"
         },
         {
            "height":"49",
            "id":"37",
            "width":"56",
            "x":"0",
            "xadvance":"57",
            "xoffset":"0",
            "y":"0",
            "yoffset":"31"
         },
         {
            "height":"45",
            "id":"38",
            "width":"45",
            "x":"0",
            "xadvance":"46",
            "xoffset":"0",
            "y":"318",
            "yoffset":"35"
         },
         {
            "height":"26",
            "id":"39",
            "width":"19",
            "x":"285",
            "xadvance":"20",
            "xoffset":"0",
            "y":"216",
            "yoffset":"35"
         },
         {
            "height":"49",
            "id":"40",
            "width":"28",
            "x":"234",
            "xadvance":"29",
            "xoffset":"0",
            "y":"83",
            "yoffset":"34"
         },
         {
            "height":"49",
            "id":"41",
            "width":"26",
            "x":"263",
            "xadvance":"27",
            "xoffset":"0",
            "y":"268",
            "yoffset":"34"
         },
         {
            "height":"38",
            "id":"42",
            "width":"35",
            "x":"165",
            "xadvance":"36",
            "xoffset":"0",
            "y":"327",
            "yoffset":"42"
         },
         {
            "height":"29",
            "id":"43",
            "width":"29",
            "x":"234",
            "xadvance":"30",
            "xoffset":"0",
            "y":"238",
            "yoffset":"43"
         },
         {
            "height":"25",
            "id":"44",
            "width":"19",
            "x":"285",
            "xadvance":"20",
            "xoffset":"0",
            "y":"190",
            "yoffset":"61"
         },
         {
            "height":"17",
            "id":"45",
            "width":"29",
            "x":"233",
            "xadvance":"30",
            "xoffset":"0",
            "y":"324",
            "yoffset":"49"
         },
         {
            "height":"20",
            "id":"46",
            "width":"19",
            "x":"233",
            "xadvance":"20",
            "xoffset":"0",
            "y":"342",
            "yoffset":"60"
         },
         {
            "height":"46",
            "id":"47",
            "width":"29",
            "x":"233",
            "xadvance":"30",
            "xoffset":"0",
            "y":"452",
            "yoffset":"33"
         },
         {
            "height":"46",
            "id":"48",
            "width":"43",
            "x":"0",
            "xadvance":"44",
            "xoffset":"0",
            "y":"462",
            "yoffset":"34"
         },
         {
            "height":"44",
            "id":"49",
            "width":"21",
            "x":"264",
            "xadvance":"22",
            "xoffset":"0",
            "y":"0",
            "yoffset":"35"
         },
         {
            "height":"44",
            "id":"50",
            "width":"32",
            "x":"201",
            "xadvance":"33",
            "xoffset":"0",
            "y":"189",
            "yoffset":"34"
         },
         {
            "height":"46",
            "id":"51",
            "width":"32",
            "x":"200",
            "xadvance":"33",
            "xoffset":"0",
            "y":"39",
            "yoffset":"34"
         },
         {
            "height":"47",
            "id":"52",
            "width":"40",
            "x":"48",
            "xadvance":"41",
            "xoffset":"0",
            "y":"185",
            "yoffset":"33"
         },
         {
            "height":"48",
            "id":"53",
            "width":"32",
            "x":"200",
            "xadvance":"33",
            "xoffset":"0",
            "y":"405",
            "yoffset":"32"
         },
         {
            "height":"47",
            "id":"54",
            "width":"37",
            "x":"90",
            "xadvance":"38",
            "xoffset":"0",
            "y":"246",
            "yoffset":"33"
         },
         {
            "height":"46",
            "id":"55",
            "width":"34",
            "x":"166",
            "xadvance":"35",
            "xoffset":"0",
            "y":"228",
            "yoffset":"35"
         },
         {
            "height":"46",
            "id":"56",
            "width":"36",
            "x":"165",
            "xadvance":"37",
            "xoffset":"0",
            "y":"92",
            "yoffset":"34"
         },
         {
            "height":"47",
            "id":"57",
            "width":"38",
            "x":"89",
            "xadvance":"39",
            "xoffset":"0",
            "y":"99",
            "yoffset":"34"
         },
         {
            "height":"38",
            "id":"58",
            "width":"20",
            "x":"264",
            "xadvance":"21",
            "xoffset":"0",
            "y":"218",
            "yoffset":"42"
         },
         {
            "height":"44",
            "id":"59",
            "width":"19",
            "x":"285",
            "xadvance":"20",
            "xoffset":"0",
            "y":"463",
            "yoffset":"42"
         },
         {
            "height":"36",
            "id":"60",
            "width":"30",
            "x":"232",
            "xadvance":"31",
            "xoffset":"0",
            "y":"364",
            "yoffset":"43"
         },
         {
            "height":"27",
            "id":"61",
            "width":"29",
            "x":"200",
            "xadvance":"30",
            "xoffset":"0",
            "y":"477",
            "yoffset":"48"
         },
         {
            "height":"36",
            "id":"62",
            "width":"30",
            "x":"202",
            "xadvance":"31",
            "xoffset":"0",
            "y":"143",
            "yoffset":"43"
         },
         {
            "height":"45",
            "id":"63",
            "width":"33",
            "x":"166",
            "xadvance":"34",
            "xoffset":"0",
            "y":"43",
            "yoffset":"35"
         },
         {
            "height":"48",
            "id":"64",
            "width":"48",
            "x":"0",
            "xadvance":"49",
            "xoffset":"0",
            "y":"136",
            "yoffset":"34"
         },
         {
            "height":"45",
            "id":"65",
            "width":"40",
            "x":"87",
            "xadvance":"41",
            "xoffset":"0",
            "y":"318",
            "yoffset":"34"
         },
         {
            "height":"45",
            "id":"66",
            "width":"40",
            "x":"46",
            "xadvance":"41",
            "xoffset":"0",
            "y":"318",
            "yoffset":"34"
         },
         {
            "height":"44",
            "id":"67",
            "width":"36",
            "x":"129",
            "xadvance":"37",
            "xoffset":"0",
            "y":"47",
            "yoffset":"35"
         },
         {
            "height":"44",
            "id":"68",
            "width":"43",
            "x":"44",
            "xadvance":"44",
            "xoffset":"0",
            "y":"462",
            "yoffset":"35"
         },
         {
            "height":"45",
            "id":"69",
            "width":"35",
            "x":"165",
            "xadvance":"36",
            "xoffset":"0",
            "y":"281",
            "yoffset":"34"
         },
         {
            "height":"46",
            "id":"70",
            "width":"37",
            "x":"96",
            "xadvance":"38",
            "xoffset":"0",
            "y":"0",
            "yoffset":"34"
         },
         {
            "height":"44",
            "id":"71",
            "width":"42",
            "x":"45",
            "xadvance":"43",
            "xoffset":"0",
            "y":"411",
            "yoffset":"35"
         },
         {
            "height":"46",
            "id":"72",
            "width":"42",
            "x":"47",
            "xadvance":"43",
            "xoffset":"0",
            "y":"271",
            "yoffset":"34"
         },
         {
            "height":"46",
            "id":"73",
            "width":"21",
            "x":"286",
            "xadvance":"22",
            "xoffset":"0",
            "y":"0",
            "yoffset":"34"
         },
         {
            "height":"46",
            "id":"74",
            "width":"25",
            "x":"263",
            "xadvance":"26",
            "xoffset":"0",
            "y":"318",
            "yoffset":"34"
         },
         {
            "height":"46",
            "id":"75",
            "width":"39",
            "x":"49",
            "xadvance":"40",
            "xoffset":"0",
            "y":"136",
            "yoffset":"34"
         },
         {
            "height":"45",
            "id":"76",
            "width":"31",
            "x":"201",
            "xadvance":"32",
            "xoffset":"0",
            "y":"273",
            "yoffset":"34"
         },
         {
            "height":"46",
            "id":"77",
            "width":"47",
            "x":"0",
            "xadvance":"48",
            "xoffset":"0",
            "y":"224",
            "yoffset":"34"
         },
         {
            "height":"45",
            "id":"78",
            "width":"37",
            "x":"127",
            "xadvance":"38",
            "xoffset":"0",
            "y":"196",
            "yoffset":"34"
         },
         {
            "height":"47",
            "id":"79",
            "width":"44",
            "x":"0",
            "xadvance":"45",
            "xoffset":"0",
            "y":"364",
            "yoffset":"32"
         },
         {
            "height":"46",
            "id":"80",
            "width":"38",
            "x":"57",
            "xadvance":"39",
            "xoffset":"0",
            "y":"0",
            "yoffset":"34"
         },
         {
            "height":"49",
            "id":"81",
            "width":"44",
            "x":"0",
            "xadvance":"45",
            "xoffset":"0",
            "y":"412",
            "yoffset":"32"
         },
         {
            "height":"46",
            "id":"82",
            "width":"42",
            "x":"45",
            "xadvance":"43",
            "xoffset":"0",
            "y":"364",
            "yoffset":"34"
         },
         {
            "height":"44",
            "id":"83",
            "width":"31",
            "x":"201",
            "xadvance":"32",
            "xoffset":"0",
            "y":"319",
            "yoffset":"35"
         },
         {
            "height":"46",
            "id":"84",
            "width":"37",
            "x":"127",
            "xadvance":"38",
            "xoffset":"0",
            "y":"364",
            "yoffset":"34"
         },
         {
            "height":"45",
            "id":"85",
            "width":"38",
            "x":"88",
            "xadvance":"39",
            "xoffset":"0",
            "y":"457",
            "yoffset":"34"
         },
         {
            "height":"46",
            "id":"86",
            "width":"38",
            "x":"88",
            "xadvance":"39",
            "xoffset":"0",
            "y":"364",
            "yoffset":"34"
         },
         {
            "height":"46",
            "id":"87",
            "width":"51",
            "x":"0",
            "xadvance":"52",
            "xoffset":"0",
            "y":"50",
            "yoffset":"34"
         },
         {
            "height":"45",
            "id":"88",
            "width":"38",
            "x":"88",
            "xadvance":"39",
            "xoffset":"0",
            "y":"411",
            "yoffset":"35"
         },
         {
            "height":"45",
            "id":"89",
            "width":"36",
            "x":"128",
            "xadvance":"37",
            "xoffset":"0",
            "y":"135",
            "yoffset":"35"
         },
         {
            "height":"42",
            "id":"90",
            "width":"36",
            "x":"134",
            "xadvance":"37",
            "xoffset":"0",
            "y":"0",
            "yoffset":"36"
         },
         {
            "height":"46",
            "id":"91",
            "width":"27",
            "x":"263",
            "xadvance":"28",
            "xoffset":"0",
            "y":"47",
            "yoffset":"35"
         },
         {
            "height":"46",
            "id":"92",
            "width":"30",
            "x":"233",
            "xadvance":"31",
            "xoffset":"0",
            "y":"0",
            "yoffset":"33"
         },
         {
            "height":"45",
            "id":"93",
            "width":"27",
            "x":"263",
            "xadvance":"28",
            "xoffset":"0",
            "y":"94",
            "yoffset":"35"
         },
         {
            "height":"30",
            "id":"94",
            "width":"34",
            "x":"52",
            "xadvance":"35",
            "xoffset":"0",
            "y":"99",
            "yoffset":"46"
         },
         {
            "height":"15",
            "id":"95",
            "width":"32",
            "x":"90",
            "xadvance":"33",
            "xoffset":"0",
            "y":"294",
            "yoffset":"65"
         },
         {
            "height":"27",
            "id":"96",
            "width":"20",
            "x":"264",
            "xadvance":"21",
            "xoffset":"0",
            "y":"190",
            "yoffset":"23"
         },
         {
            "height":"38",
            "id":"97",
            "width":"35",
            "x":"165",
            "xadvance":"36",
            "xoffset":"0",
            "y":"189",
            "yoffset":"42"
         },
         {
            "height":"48",
            "id":"98",
            "width":"37",
            "x":"91",
            "xadvance":"38",
            "xoffset":"0",
            "y":"47",
            "yoffset":"32"
         },
         {
            "height":"38",
            "id":"99",
            "width":"32",
            "x":"201",
            "xadvance":"33",
            "xoffset":"0",
            "y":"234",
            "yoffset":"42"
         },
         {
            "height":"48",
            "id":"100",
            "width":"38",
            "x":"89",
            "xadvance":"39",
            "xoffset":"0",
            "y":"147",
            "yoffset":"32"
         },
         {
            "height":"38",
            "id":"101",
            "width":"33",
            "x":"171",
            "xadvance":"34",
            "xoffset":"0",
            "y":"0",
            "yoffset":"42"
         },
         {
            "height":"50",
            "id":"102",
            "width":"34",
            "x":"165",
            "xadvance":"35",
            "xoffset":"0",
            "y":"405",
            "yoffset":"30"
         },
         {
            "height":"49",
            "id":"103",
            "width":"36",
            "x":"165",
            "xadvance":"37",
            "xoffset":"0",
            "y":"139",
            "yoffset":"42"
         },
         {
            "height":"49",
            "id":"104",
            "width":"37",
            "x":"89",
            "xadvance":"38",
            "xoffset":"0",
            "y":"196",
            "yoffset":"31"
         },
         {
            "height":"49",
            "id":"105",
            "width":"21",
            "x":"264",
            "xadvance":"22",
            "xoffset":"0",
            "y":"140",
            "yoffset":"30"
         },
         {
            "height":"56",
            "id":"106",
            "width":"31",
            "x":"202",
            "xadvance":"32",
            "xoffset":"0",
            "y":"86",
            "yoffset":"30"
         },
         {
            "height":"48",
            "id":"107",
            "width":"37",
            "x":"127",
            "xadvance":"38",
            "xoffset":"0",
            "y":"411",
            "yoffset":"32"
         },
         {
            "height":"47",
            "id":"108",
            "width":"22",
            "x":"263",
            "xadvance":"23",
            "xoffset":"0",
            "y":"365",
            "yoffset":"33"
         },
         {
            "height":"38",
            "id":"109",
            "width":"51",
            "x":"0",
            "xadvance":"52",
            "xoffset":"0",
            "y":"97",
            "yoffset":"42"
         },
         {
            "height":"38",
            "id":"110",
            "width":"37",
            "x":"128",
            "xadvance":"38",
            "xoffset":"0",
            "y":"242",
            "yoffset":"42"
         },
         {
            "height":"38",
            "id":"111",
            "width":"37",
            "x":"127",
            "xadvance":"38",
            "xoffset":"0",
            "y":"460",
            "yoffset":"42"
         },
         {
            "height":"48",
            "id":"112",
            "width":"38",
            "x":"52",
            "xadvance":"39",
            "xoffset":"0",
            "y":"50",
            "yoffset":"42"
         },
         {
            "height":"48",
            "id":"113",
            "width":"36",
            "x":"128",
            "xadvance":"37",
            "xoffset":"0",
            "y":"281",
            "yoffset":"42"
         },
         {
            "height":"38",
            "id":"114",
            "width":"30",
            "x":"201",
            "xadvance":"31",
            "xoffset":"0",
            "y":"364",
            "yoffset":"42"
         },
         {
            "height":"38",
            "id":"115",
            "width":"25",
            "x":"205",
            "xadvance":"26",
            "xoffset":"0",
            "y":"0",
            "yoffset":"42"
         },
         {
            "height":"44",
            "id":"116",
            "width":"30",
            "x":"233",
            "xadvance":"31",
            "xoffset":"0",
            "y":"143",
            "yoffset":"36"
         },
         {
            "height":"38",
            "id":"117",
            "width":"36",
            "x":"128",
            "xadvance":"37",
            "xoffset":"0",
            "y":"96",
            "yoffset":"42"
         },
         {
            "height":"37",
            "id":"118",
            "width":"35",
            "x":"48",
            "xadvance":"36",
            "xoffset":"0",
            "y":"233",
            "yoffset":"42"
         },
         {
            "height":"38",
            "id":"119",
            "width":"47",
            "x":"0",
            "xadvance":"48",
            "xoffset":"0",
            "y":"185",
            "yoffset":"42"
         },
         {
            "height":"38",
            "id":"120",
            "width":"35",
            "x":"165",
            "xadvance":"36",
            "xoffset":"0",
            "y":"366",
            "yoffset":"42"
         },
         {
            "height":"47",
            "id":"121",
            "width":"34",
            "x":"165",
            "xadvance":"35",
            "xoffset":"0",
            "y":"456",
            "yoffset":"42"
         },
         {
            "height":"35",
            "id":"122",
            "width":"29",
            "x":"233",
            "xadvance":"30",
            "xoffset":"0",
            "y":"47",
            "yoffset":"43"
         },
         {
            "height":"50",
            "id":"123",
            "width":"29",
            "x":"233",
            "xadvance":"30",
            "xoffset":"0",
            "y":"401",
            "yoffset":"32"
         },
         {
            "height":"48",
            "id":"124",
            "width":"21",
            "x":"263",
            "xadvance":"22",
            "xoffset":"0",
            "y":"463",
            "yoffset":"33"
         },
         {
            "height":"50",
            "id":"125",
            "width":"29",
            "x":"233",
            "xadvance":"30",
            "xoffset":"0",
            "y":"273",
            "yoffset":"32"
         },
         {
            "height":"22",
            "id":"126",
            "width":"32",
            "x":"200",
            "xadvance":"33",
            "xoffset":"0",
            "y":"454",
            "yoffset":"45"
         },
         {
            "height":"0",
            "id":"32",
            "width":"0",
            "x":"0",
            "xadvance":"20",
            "xoffset":"0",
            "y":"0",
            "yoffset":"0"
         },
         {
            "height":"0",
            "id":"9",
            "width":"0",
            "x":"0",
            "xadvance":"160",
            "xoffset":"0",
            "y":"0",
            "yoffset":"0"
         }
      ],
     
   "common":{
      "lineHeight":"80",
      "pages":"1",
      "scaleH":"512",
      "scaleW":"512"
   },
   "info":{
      "face":"carter",
      "size":"32"
   },
   "kernings":{
      "count":"0"
   },
   "pages":[
      {
         "file":"carter.png",
         "id":"0"
      }
   ]
}